## 建表语句
deal_TB表
```mysql
mysql>  create table deal_TB
    -> (
    -> dealID smallint primary key,
    -> goodsID smallint not null,
    -> price smallint not null,
    ->  num smallint not null,
    -> marketID smallint not null,
    ->  foreign key(marketID) references market_TB(marketID),
    -> foreign key(goodsID) references goods_TB(goodsID)
    -> )
    -> ;
Query OK, 0 rows affected (0.01 sec)
```


goods_TB表
```mysql
mysql> create table goods_TB
    -> (
    -> goodsID smallint primary key,
    -> name varchar(10) not null,
    -> type varchar(10) not null
    -> )
    -> ;
Query OK, 0 rows affected (0.00 sec)
```

    
producer_TB表
```mysql
mysql> create table producer_TB
    -> (
    ->  producerID smallint primary key,
    -> name varchar(20) not null,
    -> tel int not null,
    -> place varchar(20) not null
    -> )
    -> ;
Query OK, 0 rows affected (0.00 sec)
```


market_TB表
```mysql
mysql> create table market_TB
    -> (
    -> marketID smallint primary key,
    -> name varchar(20) not null,
    -> place varchar(20) not null
    -> )
    -> ;
Query OK, 0 rows affected (0.01 sec)
```

表结构信息
```mysql
mysql> desc deal_TB;
+----------+----------+------+-----+---------+-------+
| Field    | Type     | Null | Key | Default | Extra |
+----------+----------+------+-----+---------+-------+
| dealID   | smallint | NO   | PRI | NULL    |       |
| goodsID  | smallint | NO   | MUL | NULL    |       |
| price    | smallint | NO   |     | NULL    |       |
| num      | smallint | NO   |     | NULL    |       |
| marketID | smallint | NO   | MUL | NULL    |       |
+----------+----------+------+-----+---------+-------+
5 rows in set (0.00 sec)

mysql> desc market_TB;
+----------+-------------+------+-----+---------+-------+
| Field    | Type        | Null | Key | Default | Extra |
+----------+-------------+------+-----+---------+-------+
| marketID | smallint    | NO   | PRI | NULL    |       |
| name     | varchar(20) | NO   |     | NULL    |       |
| place    | varchar(20) | NO   |     | NULL    |       |
+----------+-------------+------+-----+---------+-------+
3 rows in set (0.00 sec)

mysql> desc producer_TB;
+------------+-------------+------+-----+---------+-------+
| Field      | Type        | Null | Key | Default | Extra |
+------------+-------------+------+-----+---------+-------+
| producerID | smallint    | NO   | PRI | NULL    |       |
| name       | varchar(20) | NO   |     | NULL    |       |
| tel        | int         | NO   |     | NULL    |       |
| place      | varchar(20) | NO   |     | NULL    |       |
+------------+-------------+------+-----+---------+-------+
4 rows in set (0.01 sec)

mysql> desc goods_TB;
+---------+-------------+------+-----+---------+-------+
| Field   | Type        | Null | Key | Default | Extra |
+---------+-------------+------+-----+---------+-------+
| goodsID | smallint    | NO   | PRI | NULL    |       |
| name    | varchar(10) | NO   |     | NULL    |       |
| type    | varchar(10) | NO   |     | NULL    |       |
+---------+-------------+------+-----+---------+-------+
3 rows in set (0.00 sec)
```

## 插入语句信息
```mysql
mysql> insert into market_TB
    -> values
    -> (10,'大润发','大学城南亭')
    -> ;
Query OK, 1 row affected (0.01 sec)

mysql> insert into market_TB
    -> values
    -> (20,'华润万家','大学城北亭')
    -> ;
Query OK, 1 row affected (0.00 sec)

mysql> insert into market_TB
    -> values
    -> (30,'星力百货','大学城贝岗')
    -> ;
Query OK, 1 row affected (0.00 sec)

mysql> select * from market_TB;
+----------+--------------+-----------------+
| marketID | name         | place           |
+----------+--------------+-----------------+
|       10 | 大润发       | 大学城南亭      |
|       20 | 华润万家     | 大学城北亭      |
|       30 | 星力百货     | 大学城贝岗      |
+----------+--------------+-----------------+
3 rows in set (0.00 sec)
```


```mysql
mysql> insert into producer_TB
    -> values
    -> (1000,'白云山',88888888,'广州天河')
    -> ;
Query OK, 1 row affected (0.00 sec)

mysql>  insert into producer_TB
    -> values
    -> (2000,'曼秀雷敦',66666666,'广州番禺')
    -> ;
Query OK, 1 row affected (0.00 sec)

mysql> select *from producer_TB;
+------------+--------------+----------+--------------+
| producerID | name         | tel      | place        |
+------------+--------------+----------+--------------+
|       1000 | 白云山       | 88888888 | 广州天河     |
|       2000 | 曼秀雷敦     | 66666666 | 广州番禺     |
+------------+--------------+----------+--------------+
2 rows in set (0.00 sec)
```


```mysql
mysql> insert into goods_TB
    -> values
    -> (100,'蛇胆川贝液','药品')
    -> ;
Query OK, 1 row affected (0.00 sec)

mysql> insert into goods_TB
    -> values
    -> (200,'润唇膏','生活必须品')
    -> ;
Query OK, 1 row affected (0.00 sec)

mysql> select * from goods_TB;
+---------+-----------------+-----------------+
| goodsID | name            | type            |
+---------+-----------------+-----------------+
|     100 | 蛇胆川贝液      | 药品            |
|     200 | 润唇膏          | 生活必须品      |
+---------+-----------------+-----------------+
2 rows in set (0.00 sec)
```

```mysql

mysql> insert into deal_TB
    -> values
    -> (1,100,30,123,20)
    -> ;
Query OK, 1 row affected (0.01 sec)

mysql> insert into deal_TB
    -> values
    -> (2,200,26,88,30)
    -> ;
Query OK, 1 row affected (0.01 sec)

mysql> select * from deal_TB;
+--------+---------+-------+-----+----------+
| dealID | goodsID | price | num | marketID |
+--------+---------+-------+-----+----------+
|      1 |     100 |    30 | 123 |       20 |
|      2 |     200 |    26 |  88 |       30 |
+--------+---------+-------+-----+----------+
2 rows in set (0.00 sec)
```